Nucleophilic-HEA,Hydrophobic-BA,Acidic-CBEA,Cationic-ATAC,Aromatic-PEA,Amide-AAm,adhesion_kpa,round,family
0.5187030996297279,0.199302148332591,0.0947683231024417,0.1872264289352382,0.0,0.0,22.363765038924274,round_0,HEA
0.42178707272479,0.4062137461445382,0.1719991811306717,0.0,0.0,0.0,12.569002123142251,round_0,HEA
0.5368643097418104,0.1083752806331327,0.1840671899149181,0.1706932197101386,0.0,0.0,10.927105449398445,round_0,HEA
0.2163563060405009,0.1994740702224794,0.0881418434484952,0.1743027849059083,0.321724995382616,0.0,126.82236376503892,round_0,PEA
0.1198210331268862,0.4100782635726174,0.1918131069994494,0.1871670242778439,0.0911205720232029,0.0,109.27105449398444,round_0,BA
0.2335997204332295,0.2999268066669277,0.4664734728998426,0.0,0.0,0.0,7.19037508846426,round_0,CBEA
0.5083477338623493,0.2224573241900948,0.1015077968756604,0.1676871450718954,0.0,0.0,39.97169143665959,round_0,HEA
0.4279597500148048,0.3820111115391019,0.099708596086374,0.0903205423597192,0.0,0.0,77.5654635527247,round_0,HEA
0.4430339469891841,0.1769155557375863,0.3800504972732295,0.0,0.0,0.0,11.040339702760084,round_0,HEA
0.638621162720913,0.1145141025881511,0.0857278217369902,0.0763537893540844,0.0847831235998611,0.0,76.9992922859165,round_0,HEA
0.5069656195679517,0.3052583981925558,0.1006245288490885,0.0871514533904039,0.0,0.0,44.21797593772117,round_0,HEA
0.3078800999942429,0.2213090350308787,0.3863501569633009,0.0844607080115775,0.0,0.0,103.60934182590232,round_0,CBEA
0.2123454146473781,0.5079801849379997,0.1968071525097028,0.0828672479049194,0.0,0.0,104.74168435951876,round_0,BA
0.2306518816149881,0.4992354183612754,0.1820034881061069,0.0,0.0881092119176296,0.0,21.23142250530785,round_0,BA
0.2341007752800943,0.5044048392812583,0.0969443655310016,0.1645500199076456,0.0,0.0,67.37438075017693,round_0,BA
0.1906361633672215,0.4043636547955581,0.2266512161027418,0.0957277539046315,0.082621211829847,0.0,58.881811748053785,round_0,BA
0.4095235364768618,0.4153046351705805,0.1751718283525576,0.0,0.0,0.0,10.021231422505307,round_0,BA
0.5536943211729035,0.2742545344204269,0.0777456222895211,0.0943055221171485,0.0,0.0,69.63906581740977,round_0,HEA
0.5426729399285165,0.2199915542236243,0.1490508016039145,0.0882847042439445,0.0,0.0,50.389242745930645,round_0,HEA
0.5705274908941438,0.2536266502916755,0.0875824117481282,0.0882634470660523,0.0,0.0,44.78414720452937,round_0,HEA
0.5722976613136135,0.2490081824570476,0.0901286213986644,0.0885655348306745,0.0,0.0,51.23849964614296,round_0,HEA
0.4283573536201009,0.303102476402757,0.0880590308975804,0.1804811390795615,0.0,0.0,60.01415428167021,round_0,HEA
0.1939385653003168,0.3521716301117991,0.4538898045878841,0.0,0.0,0.0,6.510969568294409,round_0,CBEA
0.5108891068589234,0.2267178114156204,0.1775873940988444,0.0848056876266116,0.0,0.0,60.58032554847841,round_0,HEA
0.508476553543306,0.2324116217154507,0.1728384064765314,0.0862734182647118,0.0,0.0,66.58174097664543,round_0,HEA
0.5535924602587167,0.2131260753761563,0.171545713058625,0.0617357513065018,0.0,0.0,70.20523708421797,round_0,HEA
0.5116229155075326,0.2263794860021154,0.1908595876863925,0.0711380108039592,0.0,0.0,67.94055201698514,round_0,HEA
0.524952922968346,0.2093300491737285,0.0836911947083872,0.1820258331495383,0.0,0.0,19.532908704883223,round_0,HEA
0.2300126235532236,0.4999971467399693,0.1805403311111953,0.0894498985956116,0.0,0.0,69.01627742392074,round_0,BA
0.5227726109319161,0.2269026520287288,0.0865398593485655,0.1637848776907895,0.0,0.0,47.388535031847134,round_0,HEA
0.5071156852634597,0.3034288739943893,0.0997955492851988,0.089659891456952,0.0,0.0,38.55626326963907,round_0,HEA
0.3128754814998835,0.4487101338189882,0.1512889252142493,0.0,0.087125459466879,0.0,21.45789101203114,round_0,BA
0.5057071166218131,0.2347937104390587,0.0883194749973266,0.1711796979418013,0.0,0.0,39.51875442321303,round_0,HEA
0.4965817485747678,0.3575734349454584,0.0,0.1458448164797738,0.0,0.0,79.03750884642605,round_0,HEA
0.2104677151359364,0.5095246553249995,0.0884337026462579,0.1915739268928061,0.0,0.0,96.41896673743808,round_0,BA
0.4188853124496205,0.4033386071870244,0.1777760803633549,0.0,0.0,0.0,16.022646850672327,round_0,HEA
0.507843741003072,0.3066106278269983,0.0994865379390776,0.0860590932308522,0.0,0.0,44.16135881104034,round_0,HEA
0.5942339690361933,0.0910420639914136,0.2498089074994139,0.0649150594729791,0.0,0.0,66.24203821656052,round_0,HEA
0.5236197264079707,0.2216049477873565,0.0861349908051973,0.1686403349994755,0.0,0.0,24.57183297947629,round_0,HEA
0.2907703431335454,0.0883541111554669,0.0,0.2228370531533274,0.3980384925576603,0.0,107.5725406935598,round_0,PEA
0.1245726513737559,0.6201755264247695,0.0921295619726014,0.0759614460359327,0.0871608141929403,0.0,123.99150743099788,round_0,BA
0.1409418721490117,0.591213469724186,0.0762251806086836,0.0958509438702326,0.0957685336478861,0.0,146.63835810332623,round_0,BA
0.4579286235543928,0.3797911322864173,0.0813566859234398,0.0809235582357499,0.0,0.0,53.61641896673744,round_0,HEA
0.5233049315668445,0.2217109456513731,0.0865787290473833,0.168405393734399,0.0,0.0,41.84005661712668,round_0,HEA
0.4035182343333867,0.3139614171072307,0.087384615993011,0.1951357325663714,0.0,0.0,56.61712668082095,round_0,HEA
0.5754787353907006,0.184678411389549,0.0852460674436037,0.1545967857761466,0.0,0.0,28.931351733899504,round_0,HEA
0.5044751788031535,0.2281446122057628,0.0830407936311279,0.1843394153599557,0.0,0.0,34.47983014861996,round_0,HEA
0.4300821605833393,0.4001397606227585,0.0,0.1697780787939022,0.0,0.0,67.94055201698514,round_0,HEA
0.3807630807099782,0.4053047162321366,0.2139322030578851,0.0,0.0,0.0,13.81457891012031,round_0,BA
0.5298512804675678,0.2890317924994711,0.0875998295568531,0.0935170974761081,0.0,0.0,33.57395612172682,round_0,HEA
0.5726949622942966,0.1859485796070933,0.1514316782017152,0.0899247798968947,0.0,0.0,88.88888888888889,round_0,HEA
0.2267571188222451,0.4504857591581371,0.2276880281918322,0.0,0.0950690938277854,0.0,51.068648266100496,round_0,BA
0.4505051665122059,0.3916595603371927,0.0869185273416835,0.0709167458089178,0.0,0.0,69.80891719745223,round_0,HEA
0.4167950002957578,0.3918519660933922,0.0901227515266306,0.1012302820842191,0.0,0.0,64.3170559094126,round_0,HEA
0.5569704150956345,0.2129951231361723,0.1506807539983747,0.0793537077698184,0.0,0.0,52.08775654635527,round_0,HEA
0.3437046228426227,0.4849985665669715,0.082943045489673,0.0883537651007328,0.0,0.0,19.1932059447983,round_0,BA
0.2428511021683609,0.5040798563280073,0.1867993563645744,0.0,0.0662696851390573,0.0,7.19037508846426,round_0,BA
0.3742481335670098,0.1988845785427616,0.4268672878902285,0.0,0.0,0.0,9.171974522292992,round_0,CBEA
0.5183817041192231,0.2109833677872132,0.1944658980206439,0.0761690300729196,0.0,0.0,95.6829440905874,round_0,HEA
0.4098362030923597,0.3276476957053602,0.1795187837810907,0.0829973174211893,0.0,0.0,90.3043170559094,round_0,HEA
0.5096517710549328,0.2183549901962564,0.1889841398574267,0.0830090988913839,0.0,0.0,87.19037508846426,round_0,HEA
0.5589341747767282,0.2817354392186882,0.0808711174785717,0.0784592685260116,0.0,0.0,41.50035385704175,round_0,HEA
0.4571355312045974,0.2792017193364733,0.1812631622282353,0.0823995872306938,0.0,0.0,87.75654635527248,round_0,HEA
0.4477508507251353,0.4006142559332463,0.1516348933416183,0.0,0.0,0.0,8.492569002123142,round_0,HEA
0.4966725444662729,0.0791837467103281,0.2574839714789997,0.1666597373443991,0.0,0.0,8.152866242038217,round_0,HEA
0.490490386326985,0.09949844710503,0.2285984783675715,0.1814126882004132,0.0,0.0,10.70063694267516,round_0,HEA
0.4444433647189736,0.3930320061696908,0.0789246062816794,0.0836000228296561,0.0,0.0,37.65038924274593,round_0,HEA
0.3933582226553189,0.4362951525852957,0.0918988371087606,0.0784477876506247,0.0,0.0,48.35102618542109,round_0,BA
0.4417529062274012,0.1881052311546764,0.0,0.0,0.3701418626179222,0.0,3.340410474168436,round_0,HEA
0.4735851964759844,0.3706960444829867,0.0,0.1557187590410289,0.0,0.0,49.9929228591649,round_0,HEA
0.513202781935495,0.2206230410083316,0.0868602770529187,0.1793139000032546,0.0,0.0,21.06157112526539,round_0,HEA
0.2258718451663616,0.4958855976162014,0.2071626348457056,0.0710799223717313,0.0,0.0,72.80962491153574,round_0,BA
0.2066794121327825,0.5171093498812204,0.1968444839443768,0.0793667540416202,0.0,0.0,87.53007784854918,round_0,BA
0.5532939832112999,0.2010933440278955,0.1724831935411165,0.0731294792196882,0.0,0.0,104.74168435951876,round_0,HEA
0.2240167888730342,0.5067747226184462,0.2022877800673352,0.0669207084411841,0.0,0.0,73.60226468506723,round_0,BA
0.2413982495267024,0.4912548842322395,0.1801368302525322,0.0872100359885259,0.0,0.0,88.88888888888889,round_0,BA
0.2914859983924214,0.3870320491126331,0.0,0.0453580621512788,0.2761238903436666,0.0,42.1797593772116,round_0,BA
0.2691347579815879,0.0,0.0,0.3599359944079682,0.3709292476104439,0.0,1.7551309271054494,round_0,PEA
0.1685187757696406,0.5414032568127677,0.0565583568164023,0.1504031681454657,0.0831164424557235,0.0,91.66312809624912,round_0,BA
0.5241611938768385,0.2054293967489563,0.0,0.1793701476192071,0.0910392617549982,0.0,23.21302193913659,round_0,HEA
0.3464926743248827,0.4771066025959439,0.0848341031808668,0.0915666198983066,0.0,0.0,103.4961075725407,round_0,BA
0.3543430106171633,0.3997853657501841,0.1603165777007769,0.0855550459318757,0.0,0.0,51.52158527954706,round_0,BA
0.4180970139520085,0.3863559855431532,0.1955470005048382,0.0,0.0,0.0,9.4550601556971,round_0,HEA
0.4339469797211036,0.3236309305969088,0.1587265408399343,0.0836955488420533,0.0,0.0,81.8683651804671,round_0,HEA
0.5388219292009537,0.3065859510632546,0.0785914419927621,0.0760006777430296,0.0,0.0,66.4685067232838,round_0,HEA
0.2137407019826582,0.0835478639564854,0.0,0.4838704830025248,0.2188409510583316,0.0,1.18895966029724,round_0,ATAC
0.1834567286396467,0.1103537035190221,0.0,0.518383711635602,0.1878058562057291,0.0,8.096249115357395,round_0,ATAC
0.4181424545885479,0.3637589098339749,0.2180986355774773,0.0,0.0,0.0,11.889596602972398,round_0,HEA
0.3484845061143105,0.1917958390476258,0.4597196548380637,0.0,0.0,0.0,3.623496107572541,round_0,CBEA
0.4169362380890351,0.3946959991673768,0.1883677627435879,0.0,0.0,0.0,4.75583864118896,round_0,HEA
0.449147875117309,0.2830243237946198,0.1843485858418549,0.0834792152462161,0.0,0.0,22.533616418966737,round_0,HEA
0.4122866879712421,0.3041081777443921,0.0872551031322954,0.1963500311520702,0.0,0.0,22.929936305732483,round_0,HEA
0.5176079541122226,0.2007162125269858,0.0952263340018166,0.1864494993589749,0.0,0.0,11.889596602972398,round_0,HEA
0.358555631943661,0.3954265408546047,0.2460178272017343,0.0,0.0,0.0,5.152158527954707,round_0,BA
0.2441852418214639,0.3695582317714596,0.3862565264070765,0.0,0.0,0.0,9.228591648973817,round_0,CBEA
0.5476479302305517,0.2176541266201308,0.1762466216905773,0.0584513214587402,0.0,0.0,87.69992922859164,round_0,HEA
0.1287229907102454,0.6289206218140555,0.1173978677014844,0.0671955638870217,0.057762955887193,0.0,82.4345364472753,round_0,BA
0.2080873365854623,0.5495224707418892,0.1788723259225166,0.0635178667501317,0.0,0.0,85.49186128803963,round_0,BA
0.4085284499924518,0.2190337820389672,0.0918104217261668,0.2806273462424141,0.0,0.0,1.4154281670205238,round_0,HEA
0.548229643012718,0.1217877963172761,0.1698268712453154,0.1601556894246904,0.0,0.0,3.5102618542108988,round_0,HEA
0.545599273454816,0.2092037755739086,0.1745359526726472,0.0706609982986281,0.0,0.0,49.37013446567587,round_0,HEA
0.5484979641624895,0.2870444259110734,0.0756453164591227,0.0888122934673143,0.0,0.0,27.912243453644727,round_0,HEA
0.0861850092371505,0.487932462164809,0.2080392860392073,0.217843242558833,0.0,0.0,66.24203821656052,round_0,BA
0.1239180877907843,0.5832265544377092,0.1085078526819685,0.1205353325694135,0.0638121725201243,0.0,97.38145789101203,round_0,BA
0.1133004046490285,0.4047711891410334,0.1958491379789338,0.2108876369761775,0.0751916312548266,0.0,83.79334748761501,round_0,BA
0.5103293592484149,0.1119201390128269,0.1900169751755539,0.1877335265632041,0.0,0.0,2.264685067232838,round_0,HEA
0.131538401514298,0.585805341416514,0.0934697952937294,0.0923148899906853,0.0968715717847732,0.0,137.0134465675867,round_0,BA
0.1213176513312086,0.5865106499216102,0.0957316675710326,0.1073491419927575,0.0890908891833911,0.0,107.5725406935598,round_0,BA
0.1201214214149237,0.3980324902961269,0.192678325577721,0.1976933737665334,0.091474388944695,0.0,77.11252653927814,round_0,BA
0.2345760655408179,0.4938766423590441,0.1785339376587476,0.0930133544413904,0.0,0.0,71.3375796178344,round_0,BA
0.2226101706878228,0.49919322346473,0.1924483476994424,0.0857482581480046,0.0,0.0,76.20665251238499,round_0,BA
0.2434153578038421,0.4853372979708185,0.1699709861723643,0.1012763580529751,0.0,0.0,93.81457891012032,round_0,BA
0.5391860316789622,0.3096191503436502,0.0721623012293025,0.0,0.0790325167480851,0.0,7.246992215145081,round_0,HEA
0.3783867289412583,0.3650971598554051,0.0,0.0,0.2565161112033365,0.0,11.153573956121727,round_0,HEA
0.453448475007193,0.2826301317033861,0.1835088220132006,0.0804125712762202,0.0,0.0,93.41825902335457,round_0,HEA
0.3742508141566523,0.3997226662994385,0.0708302144937722,0.0837005633712088,0.0714957416789279,0.0,40.14154281670205,round_0,BA
0.4910678828200969,0.368296126992844,0.0,0.1406359901870591,0.0,0.0,62.27883934890304,round_0,HEA
0.5498863026281411,0.2874712177830317,0.0770883634065755,0.0855541161822516,0.0,0.0,21.684359518754423,round_0,HEA
0.5612664153634275,0.2932010982387127,0.0704130155260431,0.0,0.0751194708718163,0.0,15.060155697098372,round_0,HEA
0.1326629891273065,0.3953751691915643,0.2049975765373193,0.1708805916627298,0.09608367348108,0.0,87.19037508846426,round_0,BA
0.2266879595062238,0.50214097356411,0.1753172477562139,0.0958538191734521,0.0,0.0,59.447983014862,round_0,BA
0.5156267545493285,0.2998039317620829,0.0974082244367624,0.0871610892518262,0.0,0.0,21.910828025477706,round_0,HEA
0.2871380480524351,0.192074421880364,0.0,0.2993727645967755,0.2214147654704252,0.0,43.76503892427459,round_0,ATAC
0.4439570950613568,0.1894901868697952,0.0,0.0,0.3665527180688479,0.0,11.83297947629158,round_0,HEA
0.4175129487435258,0.3986614659407441,0.0959258092610319,0.0,0.0878997760546981,0.0,12.738853503184714,round_0,HEA
0.5408646164606482,0.294425191956869,0.085301671347515,0.0,0.0794085202349678,0.0,18.343949044585987,round_0,HEA
0.2897073520078211,0.0882508295236742,0.0,0.2243127586816737,0.3977290597868309,0.0,63.411181882519465,round_0,PEA
0.5126470832591984,0.2207058552696361,0.075734279977142,0.1909127814940235,0.0,0.0,19.532908704883223,round_0,HEA
0.5080259931748321,0.3026422519273172,0.1020930928430099,0.0872386620548406,0.0,0.0,24.11889596602973,round_0,HEA
0.0835772967148137,0.4195096527875123,0.202057375761216,0.2137416387847204,0.0811140359517373,0.0,69.63906581740977,round_0,BA
0.0909284179783143,0.495840373158557,0.2084804128839522,0.2047507959791764,0.0,0.0,82.66100495399859,round_0,BA
0.2895698111353848,0.087110895244893,0.0,0.2247654199661169,0.3985538736536052,0.0,71.9037508846426,round_0,PEA
0.5094941751903237,0.2322821711035913,0.0891602291862428,0.1690634245198422,0.0,0.0,25.19462137296532,round_0,HEA
0.4710710104952066,0.3528100777574069,0.1761189117473862,0.0,0.0,0.0,4.18966737438075,round_0,HEA
0.2216847076110502,0.3125026638555888,0.3927299729220467,0.0,0.0730826556113141,0.0,16.022646850672327,round_0,CBEA
0.2970570517312756,0.2423714738957985,0.3859430070370206,0.0,0.0746284673359051,0.0,1.924982307147912,round_0,CBEA
0.276485301440791,0.0823966189092439,0.0,0.2199275355272614,0.4211905441227038,0.0,76.9992922859165,round_0,PEA
0.5653235172852438,0.1982604624709134,0.1658107504777617,0.0706052697660809,0.0,0.0,41.95329087048832,round_0,HEA
0.3697302897478688,0.4004017456316552,0.2298679646204757,0.0,0.0,0.0,4.359518754423213,round_0,BA
0.2116436099970779,0.4025153430264303,0.0928750192206686,0.1012985286370764,0.0910910485503355,0.100576450568411,95.6829440905874,round_0,BA
0.2403848050703154,0.4190266636623315,0.1617487501120729,0.091520768060897,0.0,0.0873190130943828,101.45789101203114,round_0,BA
0.1045587612072121,0.4094284402235343,0.1865955895641306,0.2050489884191995,0.0,0.0943682205859234,89.68152866242038,round_0,BA
0.1995118705557905,0.3408425136489475,0.3696209576458605,0.0,0.0,0.0900246581494013,11.210191082802549,round_0,CBEA
0.6551647897877959,0.0816903801891596,0.0866126018914333,0.0,0.0862799066416453,0.0902523214899657,11.32342533616419,round_0,HEA
0.5680881880046112,0.277493134908946,0.0831537432184559,0.0,0.0,0.0712649338679867,14.94692144373673,round_0,HEA
0.1373172597438097,0.5708618210544056,0.1071007309389887,0.0,0.0853366626463129,0.0993835256164829,32.554847841472046,round_0,BA
0.505868351494165,0.3036287389107112,0.1298983627848172,0.0,0.0,0.0606045468103065,17.098372257607927,round_0,HEA
0.4576373913880984,0.4139434472619493,0.0661684469045616,0.0,0.0,0.0622507144453907,14.94692144373673,round_0,HEA
0.1101228408944177,0.4301319058361455,0.1834409369974908,0.1874293983291789,0.0,0.0888749179427669,83.62349610757254,round_0,BA
0.6503990972192661,0.0989080354059315,0.0733819155041828,0.07661330018219,0.0,0.1006976516884296,25.534324133050248,round_0,HEA
0.6345624607699576,0.1185382848352657,0.0949857649775591,0.0,0.0763811988365528,0.0755322905806646,15.399858457183296,round_0,HEA
0.1416492699961299,0.5797928455802961,0.1044983736147232,0.0860884423088963,0.0,0.0879710684999545,113.8004246284501,round_0,BA
0.1624946687307538,0.575870681244267,0.1038209193654809,0.0880457707024232,0.0,0.0697679599570751,107.8556263269639,round_0,BA
0.1360027324230745,0.5760787538394659,0.096393922672611,0.0982469649209222,0.0,0.0932776261439262,121.33050247699929,round_0,BA
0.3876382754320898,0.3407972176833833,0.1727752937140062,0.0,0.0,0.0987892131705205,15.682944090587403,round_0,HEA
0.6309308234278235,0.1366208732337461,0.085435414692371,0.0789061624737801,0.0,0.0681067261722789,37.53715498938429,round_0,HEA
0.6078580100544446,0.1072807356602305,0.0723503451036586,0.0,0.1413427996657947,0.0711681095158715,5.322009907997169,round_0,HEA
0.4662692902189215,0.2054803643612447,0.274251059388884,0.0,0.0,0.0539992860309497,4.585987261146497,round_0,HEA
0.328617269983455,0.4282228614351946,0.0815479304772417,0.0,0.073811905249264,0.0878000328548444,18.343949044585987,round_0,BA
0.340612637209585,0.5183737552721069,0.0635304808887282,0.0,0.0,0.0774831266295796,12.229299363057326,round_0,BA
0.4685729616022154,0.3605452089200998,0.0,0.0,0.0,0.1708818294776847,13.13517338995046,round_0,HEA
0.5408159565311154,0.2718028093252027,0.1038211793272858,0.0,0.0,0.0835600548163961,16.475583864118896,round_0,HEA
0.101069566190779,0.4174877052359685,0.2002927491265373,0.2004098991077906,0.0,0.0807400803389243,91.15357395612172,round_0,BA
0.1318291300177241,0.5795522916729042,0.1177844702812793,0.0768439255908862,0.0,0.0939901824372061,118.895966029724,round_0,BA
0.5655275912572929,0.1962820385397028,0.1577673843598085,0.0,0.0,0.0804229858431956,7.643312101910828,round_0,HEA
0.221317709979232,0.4070039162248873,0.0859797612436589,0.0,0.0898458515122745,0.1958527610399472,20.09907997169144,round_0,BA
0.159769802160694,0.4419800110877564,0.1296050496910115,0.1227807323134574,0.0,0.1458644047470805,97.38145789101203,round_0,BA
0.2109621697167597,0.4002201405866712,0.2141441400764116,0.0,0.0821738545007615,0.0924996951193958,8.88888888888889,round_0,BA
0.2628950117951479,0.4991987321272498,0.1646469149194859,0.0,0.0,0.0732593411581164,13.531493276716208,round_0,BA
0.5308109599307134,0.3008694423191962,0.0,0.0857600083005031,0.0,0.0825595894495872,65.10969568294409,round_0,HEA
0.2247839960480437,0.1856652719505916,0.1052261854096245,0.1886628293376699,0.0,0.2956617172540701,20.38216560509554,round_0,AAm
0.4250004389698795,0.0819956441983721,0.2520798474162552,0.1761111146431045,0.0,0.0648129547723885,7.246992215145081,round_0,HEA
0.5593263594284578,0.1968846926557987,0.1626077395468457,0.0,0.0,0.0811812083688977,2.6610049539985847,round_0,HEA
0.6313261233454271,0.1523332733873075,0.0,0.069688467078214,0.0770926277375216,0.0695595084515295,61.769285208775656,round_0,HEA
0.1449016929388186,0.5972041881923081,0.1081463889659167,0.0874702468139013,0.0,0.0622774830890552,48.35102618542109,round_0,BA
0.2101589951048604,0.1897406163400691,0.108316249989577,0.1921504550706435,0.0,0.2996336834948498,12.965322009907997,round_0,AAm
0.0,0.2871786345133568,0.2403105803392148,0.393044152893331,0.0,0.0794666322540973,31.64897381457891,round_0,ATAC
0.2605721879300392,0.4937151755621157,0.1741091930397266,0.0,0.0,0.0716034434681183,8.32271762208068,round_0,BA
0.5548886084257583,0.1985692753510075,0.1631952219439171,0.0,0.0,0.083346894279317,5.8881811748053785,round_0,HEA
0.5336866613665922,0.27705674536449,0.1046229837850826,0.0,0.0,0.0846336094838351,1.18895966029724,round_0,HEA
0.068845420925303,0.3265978467428992,0.0296780389140519,0.3370969677440739,0.2278049706941471,0.0099767549795243,115.3857041755131,round_1,ATAC
0.0705569241329276,0.2828979417158737,0.019934387044717,0.0405939466004225,0.3838014052352799,0.2022153952707819,182.9865534324133,round_1,PEA
0.0197951361190782,0.4556146716517621,0.0693951389729064,0.049429891497451,0.1683076977331535,0.2374574640256487,149.58244869072894,round_1,BA
0.0700039494563313,0.3797019603386503,0.0398635460855946,0.0503556811160712,0.1399739537155572,0.3201009092877985,87.98301486199576,round_1,BA
0.0913570387226616,0.4240631889020564,0.0605342574775141,0.2320105921667729,0.1413758514076798,0.0506590713233136,123.14225053078556,round_1,BA
0.0994397569776903,0.0811932821956023,0.1790867092533545,0.0697817803871051,0.1493661696852802,0.4211323015009711,37.310686482661005,round_1,AAm
0.227224803109542,0.0987308597999014,0.2572130615716996,0.0791218252073833,0.1484184503805247,0.1892909999309466,65.84571832979476,round_1,CBEA
0.0205011873323357,0.319769269353473,0.0400345557989134,0.0405321857479111,0.059931601695884,0.5192312000714863,37.14083510261854,round_1,AAm
0.1212944078616633,0.3430473259451341,0.0407346081030427,0.0406042461907317,0.4543194118994327,0.0,93.36164189667376,round_1,PEA
0.0,0.2527142641696688,0.0398382885164823,0.111494978830671,0.3333308161401877,0.2626216523429854,121.27388535031848,round_1,PEA
0.0,0.5052813906643826,0.0,0.0706874845105599,0.1510543044756262,0.2729768203494273,138.20240622788393,round_1,BA
0.0,0.1394755208280519,0.45021998254641,0.1099659980434149,0.3003384985821226,0.0,125.35031847133756,round_1,CBEA
0.0,0.5862277169858116,0.0,0.0807010944876752,0.3330711885265129,0.0,272.3849964614296,round_1,BA
0.2202676752827558,0.319509151315035,0.0,0.1301746386585095,0.3300485347437033,0.0,104.45859872611464,round_1,PEA
0.0,0.6694037395676202,0.1801772670242751,0.080594195844127,0.0698247975639818,0.0,110.85633404104742,round_1,BA
0.0901931980573438,0.6394575527072175,0.0,0.0702219272862019,0.2001273219492354,0.0,205.1238499646143,round_1,BA
0.1200721699054099,0.499946645104958,0.0,0.0699831889951087,0.3099979959945247,0.0,258.1740976645435,round_1,BA
0.0,0.4842592099518322,0.0,0.091020006989819,0.4247207830583444,0.0,197.7636234961076,round_1,BA
0.0,0.6800526006189997,0.0,0.0998528460300643,0.2200945533509406,0.0,321.18895966029726,round_1,BA
0.0,0.2695054826505967,0.0499425117731952,0.1200835324824792,0.3505987978332005,0.2098696752605285,95.96602972399153,round_1,PEA
0.0,0.4392135634328434,0.0,0.0599621330329241,0.1398364244761968,0.3609878790580323,72.13021939136588,round_1,BA
0.0,0.6866802313494658,0.0,0.1011670046515663,0.2121527639989714,0.0,216.1641896673744,round_1,BA
0.0,0.6696058409186365,0.0,0.1001759606312383,0.1701559882633272,0.0600622101867982,169.6815286624204,round_1,BA
0.0,0.6921834555062866,0.0,0.1096891047557965,0.1683906322080651,0.0297368075298507,248.549186128804,round_1,BA
0.0,0.6805383235345969,0.0,0.1099295847501486,0.1497871990454611,0.0597448926697931,164.41613588110403,round_1,BA
0.039812979188032,0.1500503829828386,0.3800101218052041,0.1101053371571553,0.3200211788667679,0.0,109.32767162066526,round_1,CBEA
0.0,0.6802319727129349,0.0,0.0999317619993385,0.1699445264889649,0.0498917387987612,134.80537862703468,round_1,BA
0.0,0.6698724083478642,0.0,0.0999241015727975,0.1603466457154278,0.0698568443639142,193.97027600849256,round_1,BA
0.0,0.729439933008693,0.0,0.1100740415099517,0.1400028008912618,0.020483224590092,199.34890304317057,round_1,BA
0.0692378865429358,0.3269641513459878,0.029726709642903,0.3369543479492612,0.2273679801786022,0.00974892434031,110.2901627742392,round_1,ATAC
0.0604310256866417,0.2897904612135442,0.0296268889056199,0.0500024215804064,0.1000221843118588,0.4701270183019264,48.69072894550602,round_1,AAm
0.049723527372457,0.2400799631010814,0.029760912926648,0.0801212980185604,0.2899597117018568,0.3103545868793965,74.11181882519462,round_1,AAm
0.100610241735756,0.4097312981358741,0.0496967656056116,0.0499785253117239,0.2102155266637428,0.1797676425472917,130.72894550601558,round_1,BA
0.0788792497102883,0.5152114137076993,0.0396712773902757,0.0395207071723467,0.3066737384252711,0.0200436135941187,254.0410474168436,round_1,BA
0.0594793699462346,0.1595970083145474,0.1101329295720837,0.1702466547149691,0.3701401017703963,0.1304039356817687,136.2208067940552,round_1,PEA
0.0204860709045987,0.3202515436670955,0.0396995013863895,0.0405356070645678,0.0600045549268573,0.5190227220504914,74.73460721868365,round_1,AAm
0.1901244303246558,0.1301318736636248,0.0898364508034627,0.1699613363781889,0.3302152284339405,0.089730680396127,102.64685067232838,round_1,PEA
0.1197306716297504,0.0903005798874348,0.109736738464137,0.0799892275556663,0.1502044050994468,0.450038377363564,42.40622788393489,round_1,AAm
0.119716575156047,0.1496158631863494,0.0696807319535835,0.1198999995133807,0.2302047911042353,0.3108820390864083,63.46779900920029,round_1,AAm
0.0076698542810283,0.5908194969948446,0.091882719453079,0.0952271328989928,0.1860237452720108,0.0283770511000413,118.55626326963906,round_1,BA
0.1320011324650329,0.5865731464642919,0.0072873819131557,0.0753448811449807,0.0965810174549336,0.1022124405576091,111.76220806794056,round_1,BA
0.0477000704442906,0.5916451262972285,0.0358274564802107,0.0772995675450415,0.1462905901132941,0.1012371891199333,102.30714791224344,round_1,BA
0.0358060335618692,0.5899208919997038,0.0208939136629869,0.1154005804916158,0.1723474916583681,0.0656310886254561,122.1231422505308,round_1,BA
0.0031130972360894,0.5209649133930009,0.2069711712510344,0.0998964814280205,0.1668788772092568,0.0021754594825963,91.380042462845,round_1,BA
0.0152874581464549,0.5784187222625344,0.0889774610165546,0.0984151012073523,0.1808930094039388,0.0380082479631665,136.10757254069355,round_1,BA
0.0027463822606075,0.4926767687012718,0.1597665411373265,0.106942598135335,0.211762013940233,0.0261056958252288,61.59943382873319,round_1,BA
0.000523696083986,0.4599714558299957,0.2037498977332164,0.1038836972258972,0.1786498994476981,0.0532213536792088,114.93276716206653,round_1,BA
0.001902857984582,0.5729514090767938,0.0357994405913018,0.0979803245863683,0.1440667064344939,0.1472992613264562,127.95470629865534,round_1,BA
0.2727129961052581,0.5251512121670532,0.05032486071062,0.070913586061738,0.0808973449553304,0.0,123.42533616418967,round_1,BA
0.1103522089490435,0.6299497149346583,0.0496258905463066,0.1000469183692802,0.0898825991871729,0.0201426680135378,132.88039631988676,round_1,BA
0.090356865157606,0.6898391619437658,0.0597218296236667,0.1001502297937826,0.0599319134811834,0.0,128.29440905874026,round_1,BA
0.1198642120418433,0.4502153809025771,0.0699297442560839,0.0802711781820254,0.2400105348235054,0.039708949793965,121.21726822363765,round_1,BA
0.0,0.6970201882454375,0.0100832995714051,0.0907094875696905,0.1015237939438165,0.1006632306696456,145.84571832979475,round_1,BA
0.0,0.3695976102710987,0.0,0.1399349291370532,0.4795553630002681,0.0109120975915782,198.2165605095541,round_1,PEA
0.0,0.1993706882183084,0.3707979399755839,0.0900521677636451,0.2803564407674301,0.0594227632750288,120.87756546355271,round_1,CBEA
0.0,0.1801339715215124,0.0702086980601118,0.0701323934977917,0.2499423835321699,0.4295825533884098,71.56404812455767,round_1,AAm
0.0,0.3201491503123386,0.0096934089968718,0.1502211177592276,0.5199363229315608,0.0,171.0403397027601,round_1,PEA
0.0801264362730461,0.5898369082531372,0.0397672197744427,0.1302146055661191,0.150088490271766,0.0099663398614888,115.32908704883228,round_1,BA
0.0905694583777251,0.5554798455143414,0.0403524852403198,0.1313309768560838,0.1518579684764402,0.0304092655350897,107.2894550601557,round_1,BA
0.1491826112969158,0.2305265980696533,0.0804081055434059,0.1798883381883285,0.3599943469016918,0.0,139.7876857749469,round_1,PEA
0.2601666954743901,0.2497852081349673,0.3099899812379255,0.1800581151527174,0.0,0.0,92.90870488322716,round_1,CBEA
0.0504726611021973,0.4294863343830935,0.0,0.2297809092201844,0.2800003853226403,0.0102597099718811,116.80113234253362,round_1,BA
0.0897904997687449,0.5440134459076447,0.0399161558369994,0.1385235730234682,0.1283401472353059,0.0594161782278392,120.36801132342534,round_1,BA
0.1295182584214533,0.1086414010835995,0.2076250272867308,0.1978882708904769,0.3167670285155062,0.0395600138022286,87.64331210191082,round_1,PEA
0.0797147145068492,0.4901409634787216,0.0,0.1497001443367709,0.1304201180573098,0.1500240596203449,139.95753715498938,round_1,BA
0.0707870459290299,0.5254581081837406,0.0504040735510668,0.1413633070068502,0.1813954868114702,0.0305919785178426,153.82873319179052,round_1,BA
0.0590713647647117,0.5443228784748599,0.0098047600794073,0.1194206099732914,0.1783543968069584,0.0890259899007709,112.27176220806794,round_1,BA
0.0200469715800073,0.2502770108446757,0.0295662478169173,0.1198353405487493,0.3097650438927736,0.2705093853168772,153.5456475583864,round_1,PEA
0.0,0.6598139129682237,0.0,0.1101076032353478,0.2300784837964282,0.0,269.10120311394195,round_1,BA
0.0,0.7799311208741685,0.0,0.1002667642072463,0.1198021149185828,0.0,247.0205237084218,round_1,BA
0.0,0.0,0.0901998715826982,0.1306848650883225,0.6793115071894001,0.0998037561395755,105.19462137296532,round_1,PEA
0.0,0.4309329430216968,0.0,0.1797095074157544,0.389357549562547,0.0,189.83722576079265,round_1,BA
0.0,0.7496097843652806,0.0,0.0999044468273879,0.1504857688073268,0.0,252.965322009908,round_1,BA
0.0,0.6199656655199758,0.0,0.1499152607553446,0.2301190737246827,0.0,260.3821656050956,round_1,BA
0.0,0.6236185243788649,0.0,0.0992591122326918,0.2771223633884463,0.0,216.05095541401275,round_1,BA
0.0,0.670098009545836,0.0,0.1202360611708295,0.0698383457764746,0.1398275835068594,167.64331210191082,round_1,BA
0.149962993557787,0.2296038546812936,0.2099659823682438,0.1102338772248304,0.3002332921678496,0.0,90.70063694267516,round_1,PEA
0.0,0.5501050144621554,0.0,0.06018156396831,0.3098132536408657,0.0799001679286672,221.20311394196744,round_2,BA
0.3701803627954613,0.3896137273547119,0.0,0.0300622170707449,0.2101436927790818,0.0,130.89879688605802,round_2,BA
0.2018149205117394,0.1819184218616567,0.2020827775193653,0.2018025189371856,0.0100604944046689,0.2023208667653838,47.8414720452937,round_2,AAm
0.0,0.0501938722332982,0.0,0.3198114712516681,0.3103333570670893,0.3196612994479483,78.47133757961784,round_2,ATAC
0.2499547652595278,0.0299236591416842,0.0,0.250133328871034,0.2201700096319022,0.249818237095852,99.30644019815996,round_2,ATAC
0.0,0.0297527258934319,0.3501179384372687,0.3501114364798356,0.2700178991894638,0.0,89.7381457891012,round_2,CBEA
0.0,0.4201315012731564,0.0,0.0699339826435346,0.1299155719733382,0.3800189441099705,69.52583156404812,round_2,BA
0.0,0.1717412968712927,0.1112116642900712,0.3230486104180717,0.2322458105515182,0.1617526178690463,97.0417551309271,round_2,ATAC
0.0,0.2621089769835839,0.2627249266170682,0.1008813907258735,0.111220656174369,0.2630640494991074,107.79900920028308,round_2,AAm
0.0,0.1717128868981704,0.0,0.3234381152652543,0.0202010043799581,0.4846479934566174,3.113941967445152,round_2,AAm
0.0099074777446531,0.605806079851102,0.0,0.0607774776650025,0.3235089647392457,0.0,263.722576079264,round_2,BA
0.0,0.6361065807886185,0.0,0.1315919623256257,0.2323014568857508,0.0,239.26397735314933,round_2,BA
0.0,0.629477516904649,0.0,0.0607273624010188,0.3097951206943303,0.0,281.6135881104034,round_2,BA
0.0,0.610219200084122,0.0,0.0500192766257898,0.3397615232900878,0.0,253.70134465675864,round_2,BA
0.0,0.6500774895758523,0.0,0.0099032840521165,0.3400192263720315,0.0,152.9794762915782,round_2,BA
0.0,0.6402880697187442,0.0,0.0499179045440356,0.3097940257372241,0.0,241.1323425336164,round_2,BA
0.0,0.3895955545517673,0.0,0.1299503724187114,0.480454073029521,0.0,197.53715498938428,round_2,PEA
0.0,0.539657245652324,0.0,0.0600119894697133,0.2501173994582049,0.1502133654197582,101.3446567586695,round_3,BA
0.0,0.6097371466101064,0.0,0.0800000542372165,0.3102627991526772,0.0,229.69568294409055,round_3,BA
0.0,0.3026869124989193,0.0,0.1618195430236925,0.2628894011568846,0.2726041433205033,160.2830856334041,round_3,BA
0.0,0.1719923504935453,0.2925010454000178,0.0707639951626777,0.2026065210643194,0.2621360878794392,100.89171974522291,round_3,CBEA
0.2397211614418736,0.3304090626737048,0.0,0.0500202965410161,0.1498795124718861,0.2299699668715189,91.04033970276008,round_3,BA
0.0,0.2499597200250786,0.1800551340386324,0.1901030162365804,0.3798821296997081,0.0,127.67162066525124,round_3,PEA
0.0,0.4255505410460293,0.0,0.1385728403353752,0.3864615787744141,0.049415039844181,117.310686482661,round_3,BA
0.0,0.2969596759568328,0.0,0.2078208461047979,0.2973125132243898,0.1979069647139796,155.07430997876858,round_3,PEA
0.0,0.2571294056185233,0.0891014988055835,0.1388090323697133,0.2574712241366586,0.2574888390695211,74.50813871196037,round_3,AAm
0.0,0.5444484379756863,0.0,0.0603759927335358,0.2524285929861772,0.1427469763045956,101.6277423920736,round_3,BA
0.0,0.3401435950239107,0.0,0.049895820139502,0.1597702147754518,0.4501903700611349,75.1309271054494,round_3,AAm
0.0,0.6502067967256617,0.0,0.0800345442092789,0.2697586590650559,0.0,245.0955414012739,round_3,BA
0.0,0.2774016477145993,0.0,0.1483887422458826,0.2378297021946465,0.3363799078448728,109.95046001415427,round_3,AAm
0.0,0.6299155888485775,0.0,0.0500522782722527,0.32003213287917,0.0,200.08492569002124,round_3,BA
0.0,0.6800268403861934,0.0,0.0701679401829152,0.2498052194308873,0.0,250.9837225760793,round_3,BA
0.0,0.3200646818905708,0.2098178706539767,0.1700329325722737,0.3000845148831786,0.0,81.0757254069356,round_3,BA
0.0,0.6398925234534203,0.0,0.0701412261505955,0.2899662503959839,0.0,235.47062986553436,round_3,BA
0.0,0.59987425392149,0.0,0.0701845487416264,0.3299411973368838,0.0,225.3927813163482,round_3,BA
0.0,0.7996691118884616,0.0,0.10025176678241,0.1000791213291295,0.0,189.101203113942,round_1,BA
0.0,0.6802357394406793,0.0,0.1098304719184528,0.2099337886408676,0.0,278.3297947629158,round_1,BA
0.0,0.5603442178578459,0.0,0.139825675254311,0.2998301068878433,0.0,165.03892427459306,round_1,BA
0.0,0.65651189340022,0.0,0.0606758652989903,0.2828122413007896,0.0,303.86411889596604,round_1,BA
0.0,0.4698792392646359,0.0,0.0901977817902402,0.3300392020023281,0.1098837769427914,163.5102618542109,round_1,BA
0.0,0.6703221377604839,0.0,0.0998875709197241,0.2297902913197883,0.0,216.61712668082092,round_1,BA
0.0,0.6868704766183894,0.0,0.1109566680907599,0.2021728552908541,0.0,228.619957537155,round_1,BA
0.0,0.633532357801899,0.0,0.1188434399926154,0.2476242022054837,0.0,206.53927813163483,round_1,BA
0.0,0.5881002724572348,0.0,0.0938771090319788,0.3180226185107864,0.0,353.2908704883227,round_1,BA
0.0,0.5698486315050519,0.0,0.0601209439078444,0.3700304245871038,0.0,308.9030431705591,round_1,BA
0.1200479640658742,0.6293367656982021,0.0,0.0702923534962875,0.1803229167396403,0.0,173.7579617834395,round_1,BA
0.0390727374547238,0.5346089048230481,0.0,0.0594205086152183,0.277809214214847,0.0890886348921661,195.78202406227885,round_1,BA
0.0,0.6899042454375599,0.0,0.0801341992181489,0.0301776124253134,0.1997839429189728,120.14154281670206,round_1,BA
0.0198714107461967,0.589470441151411,0.0503583728015048,0.0502205774939684,0.0999625837522138,0.1901166140547047,102.1939136588818,round_1,BA
0.089545047385201,0.5701671577137912,0.0306242937002085,0.0498653878422161,0.1599122040044801,0.099885909354098,84.13305024769993,round_1,BA
0.0202385367351428,0.6092446188459986,0.0307616166105964,0.0798753944753386,0.0803628543625201,0.1795169789703984,134.12597310686482,round_1,BA
0.010112551715444,0.7193314128847218,0.020744961584032,0.0999639697586546,0.0902489179946793,0.0595981860624708,171.15357395612173,round_1,BA
0.0688718136086015,0.7223007604181749,0.0300249381595945,0.0698306121578383,0.0891784907353178,0.0197933849204732,133.55980184005662,round_1,BA
0.0102897374115951,0.5995618726228988,0.0295232987395574,0.0603213128923343,0.0500570518395463,0.2502467264940682,146.46850672328378,round_1,BA
0.0098477018721403,0.6528973325652931,0.0296134796769451,0.0601135429289818,0.0095903284206162,0.2379376145360241,176.02264685067232,round_1,BA
0.170056148732208,0.5899004163406562,0.0103044798933915,0.0397367298276809,0.0401556121421244,0.1498466130639411,115.04600141542817,round_1,BA
0.1198473379764693,0.580155385346596,0.0404707875774033,0.1697526578973163,0.079809279029614,0.0099645521726048,171.380042462845,round_1,BA
0.1104747490792623,0.5888247985830962,0.0302363363741571,0.0800813352907077,0.1801443900714408,0.0102383906013357,141.54281670205236,round_1,BA
0.0898228325650251,0.579292111529773,0.0308377652451313,0.1000518866274305,0.1200847421657342,0.0799106618669027,192.7246992215145,round_1,BA
0.0109729574471988,0.585991646863022,0.0704150982276011,0.1209793819898474,0.1511248883310362,0.0605160271412945,250.8704883227176,round_1,BA
0.0297682774769904,0.6188375830090551,0.0314760670558852,0.0997964500327316,0.2201216224253379,0.0,224.0339702760085,round_1,BA
0.0694665827706921,0.6107117276269584,0.0598029548354119,0.0499025110321438,0.1401436762241727,0.0699725475106207,164.24628450106158,round_1,BA
0.0505287940046599,0.565148691763067,0.0205524784129122,0.0604511984177732,0.2426109198977201,0.060707917503867,173.3050247699929,round_1,BA
0.1310051274381724,0.534961886171871,0.0301856136926033,0.10113012317166,0.1621837902918088,0.0405334592338845,144.60014154281671,round_1,BA
0.0500478140495745,0.54968931973543,0.0201358732231077,0.0899552127340155,0.2698893093804004,0.0202824708774714,183.43949044585983,round_1,BA
0.0804710252131081,0.5441322771286901,0.0413551163179416,0.1515081161076774,0.1319032986296977,0.0506301666028845,249.2285916489738,round_1,BA
0.0297175817777832,0.5492055253073844,0.030660534146412,0.0701817754993494,0.3202345832690713,0.0,42.1797593772116,round_1,BA
0.0,0.6192433539426908,0.0,0.170432349531896,0.2103242965254143,0.0,219.3913658881812,round_2,BA
0.0,0.629819080934605,0.0,0.3000342064791126,0.0701467125862826,0.0,101.79759377211606,round_2,BA
0.0,0.4598666661957702,0.0,0.1999201464206054,0.3402131873836247,0.0,195.725406935598,round_2,BA
0.0,0.2100677599713237,0.0,0.4500243350878355,0.3399079049408408,0.0,131.01203113941966,round_2,ATAC
0.0,0.3697976938392378,0.0,0.2502907751507629,0.3799115310099966,0.0,128.40764331210192,round_2,PEA
0.0,0.1897894446029764,0.0,0.360253550428691,0.4499570049683317,0.0,152.86624203821657,round_2,PEA
0.0,0.3512709343612638,0.0,0.3193809825462181,0.2392242654226078,0.0901238176699085,157.8485491861288,round_2,BA
0.0,0.6199326361010132,0.0,0.0300741863307989,0.3499931775681882,0.0,177.43807501769285,round_2,BA
0.0,0.6100651329642471,0.0,0.0399719932178955,0.3499628738178615,0.0,196.4614295824487,round_2,BA
0.0,0.6060517709231227,0.0,0.0404835242030456,0.3534647048738314,0.0,206.70912951167728,round_2,BA
0.0,0.5697701241069648,0.0,0.1001525678552262,0.330077308037806,0.0,206.65251238499647,round_3,BA
0.0214709218010206,0.3327401978681413,0.0202953309558502,0.2317423566049624,0.3629444161878205,0.0308067765822095,193.5739561217268,round_3,PEA
0.0099706569104086,0.4098140035643566,0.020126289805429,0.0,0.3999778342682393,0.1601112154515646,62.22222222222222,round_3,BA
0.1483990928248842,0.3662071735437376,0.009875221837254,0.0792538736996409,0.3858284043121804,0.010436233782305,147.99716914366596,round_3,PEA
0.0,0.6063188913985983,0.0,0.0808129635331458,0.3128681450682558,0.0,229.7523000707714,round_3,BA
0.0,0.6664812891286024,0.0,0.0806922998216929,0.2528264110497021,0.0,232.07360226468504,round_3,BA
0.0,0.4844037631461974,0.0,0.0608292207478517,0.4547670161059549,0.0,199.1224345364473,round_3,BA
